{
  "done": {
    "variables": {
      "lakitu": {
        "op": "equal",
        "reference": -1
      },
      "surface": {
        "op": "equal",
        "reference": 84
      },
      "surface2": {
        "op": "equal",
        "reference": 90
      },
      "lap": {
        "op": "equal",
        "reference": 133
      }
    }
  },
  "reward": {
    "variables": {
      "pos": {
        "reward": 1.0
      },
      "timer": {
        "reward": -0.1
      },
      "lap": {
        "reward": 5.0
      },
      "speed": {
        "reward": 0
      }
    }
  }
}
